[
  {
    "Command": [],
    "Constant": [],
    "Constructor": [],
    "Deprecated": [],
    "Field": [],
    "Function": [],
    "Method": [
      {
        "def": "MouseFollowsFocus:configure(configuration)",
        "desc": "Configures the spoon.",
        "doc": "Configures the spoon.\n\nParameters:\n * configuration - a table containing the settings for onWindowMoved or onChangeOfScreenOnly:",
        "examples": [],
        "file": "Source/MouseFollowsFocus.spoon//init.lua",
        "lineno": "29",
        "name": "configure",
        "notes": [],
        "parameters": [
          " * configuration - a table containing the settings for onWindowMoved or onChangeOfScreenOnly:"
        ],
        "returns": [],
        "signature": "MouseFollowsFocus:configure(configuration)",
        "stripped_doc": "",
        "type": "Method"
      },
      {
        "def": "MouseFollowsFocus:start()",
        "desc": "Starts updating the mouse position when window focus changes",
        "doc": "Starts updating the mouse position when window focus changes\n\nParameters:\n * None",
        "examples": [],
        "file": "Source/MouseFollowsFocus.spoon//init.lua",
        "lineno": "44",
        "name": "start",
        "notes": [],
        "parameters": [
          " * None"
        ],
        "returns": [],
        "signature": "MouseFollowsFocus:start()",
        "stripped_doc": "",
        "type": "Method"
      },
      {
        "def": "MouseFollowsFocus:stop()",
        "desc": "Stops updating the mouse position when window focus changes",
        "doc": "Stops updating the mouse position when window focus changes\n\nParameters:\n * None",
        "examples": [],
        "file": "Source/MouseFollowsFocus.spoon//init.lua",
        "lineno": "73",
        "name": "stop",
        "notes": [],
        "parameters": [
          " * None"
        ],
        "returns": [],
        "signature": "MouseFollowsFocus:stop()",
        "stripped_doc": "",
        "type": "Method"
      },
      {
        "def": "MouseFollowsFocus:updateMouse(window)",
        "desc": "Moves the mouse to the center of the given window unless it's already inside the window",
        "doc": "Moves the mouse to the center of the given window unless it's already inside the window\n\nParameters:\n * None",
        "examples": [],
        "file": "Source/MouseFollowsFocus.spoon//init.lua",
        "lineno": "84",
        "name": "updateMouse",
        "notes": [],
        "parameters": [
          " * None"
        ],
        "returns": [],
        "signature": "MouseFollowsFocus:updateMouse(window)",
        "stripped_doc": "",
        "type": "Method"
      }
    ],
    "Variable": [
      {
        "def": "MouseFollowsFocus.logger",
        "desc": "Logger object used within the Spoon. Can be accessed to set the default log level for the messages coming from the Spoon.",
        "doc": "Logger object used within the Spoon. Can be accessed to set the default log level for the messages coming from the Spoon.",
        "file": "Source/MouseFollowsFocus.spoon//init.lua",
        "lineno": "24",
        "name": "logger",
        "signature": "MouseFollowsFocus.logger",
        "stripped_doc": "",
        "type": "Variable"
      }
    ],
    "desc": "Set the mouse pointer to the center of the focused window whenever focus changes.",
    "doc": "Set the mouse pointer to the center of the focused window whenever focus changes.\n\nAdditionally, if focused window moves when no mouse buttons are pressed, set the\nmouse pointer to the new center.  This is intended to work with other utilities\nwhich warp the focused window.\n\nDownload: [https://github.com/Hammerspoon/Spoons/raw/master/Spoons/MouseFollowsFocus.spoon.zip](https://github.com/Hammerspoon/Spoons/raw/master/Spoons/MouseFollowsFocus.spoon.zip)",
    "items": [
      {
        "def": "MouseFollowsFocus:configure(configuration)",
        "desc": "Configures the spoon.",
        "doc": "Configures the spoon.\n\nParameters:\n * configuration - a table containing the settings for onWindowMoved or onChangeOfScreenOnly:",
        "examples": [],
        "file": "Source/MouseFollowsFocus.spoon//init.lua",
        "lineno": "29",
        "name": "configure",
        "notes": [],
        "parameters": [
          " * configuration - a table containing the settings for onWindowMoved or onChangeOfScreenOnly:"
        ],
        "returns": [],
        "signature": "MouseFollowsFocus:configure(configuration)",
        "stripped_doc": "",
        "type": "Method"
      },
      {
        "def": "MouseFollowsFocus.logger",
        "desc": "Logger object used within the Spoon. Can be accessed to set the default log level for the messages coming from the Spoon.",
        "doc": "Logger object used within the Spoon. Can be accessed to set the default log level for the messages coming from the Spoon.",
        "file": "Source/MouseFollowsFocus.spoon//init.lua",
        "lineno": "24",
        "name": "logger",
        "signature": "MouseFollowsFocus.logger",
        "stripped_doc": "",
        "type": "Variable"
      },
      {
        "def": "MouseFollowsFocus:start()",
        "desc": "Starts updating the mouse position when window focus changes",
        "doc": "Starts updating the mouse position when window focus changes\n\nParameters:\n * None",
        "examples": [],
        "file": "Source/MouseFollowsFocus.spoon//init.lua",
        "lineno": "44",
        "name": "start",
        "notes": [],
        "parameters": [
          " * None"
        ],
        "returns": [],
        "signature": "MouseFollowsFocus:start()",
        "stripped_doc": "",
        "type": "Method"
      },
      {
        "def": "MouseFollowsFocus:stop()",
        "desc": "Stops updating the mouse position when window focus changes",
        "doc": "Stops updating the mouse position when window focus changes\n\nParameters:\n * None",
        "examples": [],
        "file": "Source/MouseFollowsFocus.spoon//init.lua",
        "lineno": "73",
        "name": "stop",
        "notes": [],
        "parameters": [
          " * None"
        ],
        "returns": [],
        "signature": "MouseFollowsFocus:stop()",
        "stripped_doc": "",
        "type": "Method"
      },
      {
        "def": "MouseFollowsFocus:updateMouse(window)",
        "desc": "Moves the mouse to the center of the given window unless it's already inside the window",
        "doc": "Moves the mouse to the center of the given window unless it's already inside the window\n\nParameters:\n * None",
        "examples": [],
        "file": "Source/MouseFollowsFocus.spoon//init.lua",
        "lineno": "84",
        "name": "updateMouse",
        "notes": [],
        "parameters": [
          " * None"
        ],
        "returns": [],
        "signature": "MouseFollowsFocus:updateMouse(window)",
        "stripped_doc": "",
        "type": "Method"
      }
    ],
    "name": "MouseFollowsFocus",
    "stripped_doc": "\nAdditionally, if focused window moves when no mouse buttons are pressed, set the\nmouse pointer to the new center.  This is intended to work with other utilities\nwhich warp the focused window.\n\nDownload: [https://github.com/Hammerspoon/Spoons/raw/master/Spoons/MouseFollowsFocus.spoon.zip](https://github.com/Hammerspoon/Spoons/raw/master/Spoons/MouseFollowsFocus.spoon.zip)",
    "submodules": [],
    "type": "Module"
  }
]